標題,發布時間,新聞網址
Turkey replaces three pro-Kurdish party mayors for suspected militant links, - 27 minutes ago,網址:https://www.investing.com/news/world-news/turkey-replaces-three-prokurdish-party-mayors-for-suspected-militant-links-1957973
"Japanese, South Korean foreign ministers to meet in Beijing on Wednesday", - 32 minutes ago,網址:https://www.investing.com/news/world-news/japanese-south-korean-foreign-ministers-to-meet-in-beijing-on-wednesday-1957972
"Hong Kong readies for more mass protests after huge, peaceful rally", - 1 hour ago,網址:https://www.investing.com/news/world-news/more-mass-protests-planned-in-hong-kong-after-peaceful-weekend-of-rallies-1957889
End FOMO By Future Proofing Your Investment Portfolio,None,網址:https://www.investing.com/jp.php?v2=ZCQxbzFmZTwyYmpgNWcxOjZuP2UxNzY3MSYzYTE7MntjJWVsYzswdmVtPiAzb2M5ZRZkO2JqMiQ2YGc1MXBnJGQjMW8xYmU7Mm1qbzVwMXA2aj9mMT42MzEmM3AxOw==
"Iranian tanker caught in a standoff with the West heads to Greece, shipping data shows", - 1 hour ago,網址:https://www.investing.com/news/world-news/iranian-tanker-caught-in-a-standoff-with-the-west-heads-to-greece-shipping-data-shows-1957961
Thai official dismisses Muslim insurgent demand on detainees, - 1 hour ago,網址:https://www.investing.com/news/world-news/thai-official-dismisses-muslim-insurgent-demand-on-detainees-1957960
Indonesia protesters torch town hall in Papua over student detentions, - 2 hours ago,網址:https://www.investing.com/news/world-news/indonesia-protesters-torch-town-hall-in-papua-over-student-detentions-1957931
Chinese police investigate FedEx package containing handgun, - 4 hours ago,網址:https://www.investing.com/news/world-news/chinese-police-investigate-fedex-package-containing-handgun-1957916
Trump says he will likely release Mideast peace plan after Israel elections, - 7 hours ago,網址:https://www.investing.com/news/world-news/trump-says-he-will-likely-release-mideast-peace-plan-after-israel-elections-1957868
Danish PM says Trump's idea of selling Greenland to U.S. is absurd, - 9 hours ago,網址:https://www.investing.com/news/world-news/danish-pm-says-idea-of-selling-greenland-to-us-is-absurd-1957821
Danish PM says Trump's idea of selling Greenland to U.S. is absurd, - 9 hours ago,網址:https://www.investing.com/news/world-news/danish-pm-says-trumps-idea-of-selling-greenland-to-us-is-absurd-1957863
Canada slams UK decision to 'off-load' Islamist fighter, - 9 hours ago,網址:https://www.investing.com/news/world-news/canada-slams-uk-decision-to-offload-islamist-fighter-1957854
Iceland unveils memorial plaque for lost glacier, - 11 hours ago,網址:https://www.investing.com/news/world-news/iceland-unveils-memorial-plaque-for-lost-glacier-1957826
U.N. pleads for more help to relieve Venezuelan refugee crisis, - 11 hours ago,網址:https://www.investing.com/news/world-news/un-pleads-for-more-help-to-relieve-venezuelan-refugee-crisis-1957822
Portugal's fuel-tanker drivers call off strike to negotiate, - 11 hours ago,網址:https://www.investing.com/news/world-news/portugals-fueltanker-drivers-call-off-strike-union-1957816
Italy's 5-Star says Salvini no longer a credible partner, - 12 hours ago,網址:https://www.investing.com/news/world-news/italys-5star-says-salvini-no-longer-a-credible-partner-1957799
Kuwait's Emir has recovered after health setback: state news agency, - 12 hours ago,網址:https://www.investing.com/news/world-news/kuwaits-emir-has-recovered-after-health-setback-state-news-agency-1957811
"Argentina´s Fernandez says country will struggle to repay IMF loan, must renegotiate", - 13 hours ago,網址:https://www.investing.com/news/world-news/argentinas-fernandez-says-country-will-struggle-to-repay-imf-loan-must-renegotiate-1957801
"Canary Islands authorities evacuate 4,000 as wildfire spreads", - 14 hours ago,網址:https://www.investing.com/news/world-news/canary-islands-authorities-evacuate-4000-as-wildfire-spreads-1957782
'You can still sense the love': Baby boomers revel at Woodstock 50 years on, - 15 hours ago,網址:https://www.investing.com/news/world-news/you-can-still-sense-the-love-baby-boomers-revel-at-woodstock-50-years-on-1957587
Charity boat rejects Spain's offer to stranded migrants, - 15 hours ago,網址:https://www.investing.com/news/world-news/spain-says-migrants-on-charity-boat-can-disembark-in-algeciras-1957738
Protecting Singapore from rising sea levels could cost S$100 billion, - 16 hours ago,網址:https://www.investing.com/news/world-news/protecting-singapore-from-rising-sea-levels-could-cost-s100-billion-1957780
Zimbabwe police ban opposition protest planned for Monday, - 16 hours ago,網址:https://www.investing.com/news/world-news/zimbabwe-police-ban-opposition-protest-planned-for-monday-1957779
Merkel: We're prepared for any Brexit outcome, - 16 hours ago,網址:https://www.investing.com/news/world-news/merkel-were-prepared-for-any-brexit-outcome-1957777
Sudan opposition coalition appoints five civilian members of sovereign council, - 16 hours ago,網址:https://www.investing.com/news/world-news/sudan-opposition-coalition-appoints-five-civilian-members-of-sovereign-council-1957760
Iranian tanker expected to leave Gibraltar late Sunday: Iran's envoy to UK, - 16 hours ago,網址:https://www.investing.com/news/world-news/grace-1-tanker-raises-iranian-flag-changes-name-to-adrian-darya1-1957741
"Iran says U.S. move on north Syria safe zone is ""provocative""", - 16 hours ago,網址:https://www.investing.com/news/world-news/iran-says-us-move-on-north-syria-safe-zone-is-provocative-1957775
Turkish lawyer groups to boycott judicial ceremony over separation of powers, - 16 hours ago,網址:https://www.investing.com/news/world-news/turkish-lawyer-groups-to-boycott-judicial-ceremony-over-separation-of-powers-1957774
Poland's Kaczynski condemns gay pride marches as election nears, - 16 hours ago,網址:https://www.investing.com/news/world-news/polands-kaczynski-condemns-gay-pride-marches-as-election-nears-1957771
"Ships passed us by, says sole survivor of migrant tragedy", - 17 hours ago,網址:https://www.investing.com/news/world-news/ships-passed-us-by-says-sole-survivor-of-migrant-tragedy-1957762
'People who love life and music' - dance parties return to Baghdad, - 18 hours ago,網址:https://www.investing.com/news/world-news/people-who-love-life-and-music--dance-parties-return-to-baghdad-1957747
"India reimposes some curbs on movement, phones in Jammu and Kashmir", - 19 hours ago,網址:https://www.investing.com/news/economy/india-reimposes-movement-curbs-on-parts-of-kashmirs-main-city-after-clashes-1957719
Over two dozen rescuers try to save trapped cavers in Poland, - 19 hours ago,網址:https://www.investing.com/news/world-news/over-two-dozen-rescuers-try-to-save-trapped-cavers-in-poland-1957744
"Yemen's war cut a father's route to work, now his toddler starves", - 19 hours ago,網址:https://www.investing.com/news/world-news/yemens-war-cut-a-fathers-route-to-work-now-his-toddler-starves-1957742
"Car bomb targets security force in northeastern Syria, kills one", - 20 hours ago,網址:https://www.investing.com/news/world-news/car-bomb-targets-security-force-in-northeastern-syria-kills-one-1957737
Russian nuclear plant turns off unit after safety system error, - 20 hours ago,網址:https://www.investing.com/news/world-news/russian-nuclear-plant-turns-off-unit-after-safety-system-error-1957733
